5km,경도,구간,노선명,반기,발생건수,방 향,본부명,사고율,위도,지사명,년도,노선코드,방향
330,127.386 ,330~335,제2중부선,상반기,4,하남,수도권,0.8,37.283 ,경기광주,2019,,
325,127.421 ,325~330,중부선,상반기,7,통영,수도권,1.4,37.249 ,경기광주,2019,,
330,127.385 ,330~335,중부선,상반기,10,통영,수도권,2,37.283 ,경기광주,2019,,
335,127.347 ,335~340,중부선,상반기,7,통영,수도권,1.4,37.315 ,경기광주,2019,,
340,127.321 ,340~345,중부선,상반기,4,통영,수도권,0.8,37.354 ,경기광주,2019,,
345,127.311 ,345~350,중부선,상반기,6,통영,수도권,1.2,37.398 ,경기광주,2019,,
350,127.289 ,350~355,중부선,상반기,3,통영,수도권,0.6,37.439 ,경기광주,2019,,
330,127.385 ,330~335,중부선,상반기,3,하남,수도권,0.6,37.283 ,경기광주,2019,,
45,127.139 ,45~50,영동선,상반기,5,서창,수도권,1,37.289 ,군포,2019,,
15,129.091 ,15~20,동해선,하반기,3,근덕,강원,0.6,37.486 ,강릉,2019,,
50,128.897 ,50~55,동해선,하반기,3,속초,강원,0.6,37.691 ,강릉,2019,,
100,128.630 ,100~105,동해선,상반기,3,속초,강원,0.6,38.057 ,양양,2019,,
115,127.831 ,115~120,영동선,상반기,3,강릉,강원,0.6,37.316 ,원주,2019,,
140,128.036 ,140~145,영동선,상반기,4,서창,강원,0.8,37.445 ,원주,2019,,
55,127.235 ,55~60,영동선,중복,7,강릉,강원,0.7,37.248 ,이천,2019,,
60,127.289 ,60~65,영동선,중복,12,강릉,강원,1.2,37.239 ,이천,2019,,
65,127.342 ,65~70,영동선,상반기,3,강릉,강원,0.6,37.252 ,이천,2019,,
70,127.393 ,70~75,영동선,상반기,3,강릉,강원,0.6,37.240 ,이천,2019,,
75,127.446 ,75~80,영동선,중복,11,강릉,강원,1.1,37.237 ,이천,2019,,
80,127.501 ,80~85,영동선,중복,8,강릉,강원,0.8,37.245 ,이천,2019,,
50,127.186 ,50~55,영동선,하반기,4,서창,강원,0.8,37.269 ,이천,2019,,
55,127.235 ,55~60,영동선,중복,8,서창,강원,0.8,37.248 ,이천,2019,,
60,127.289 ,60~65,영동선,상반기,4,서창,강원,0.8,37.239 ,이천,2019,,
70,127.393 ,70~75,영동선,하반기,3,서창,강원,0.6,37.240 ,이천,2019,,
75,127.446 ,75~80,영동선,중복,6,서창,강원,0.6,37.237 ,이천,2019,,
270,127.582 ,270~275,중부내륙선,상반기,3,창원,강원,0.6,37.270 ,이천,2019,,
315,127.913 ,315~320,중앙선,상반기,7,부산,강원,1.4,37.341 ,홍천,2019,,
320,127.894 ,320~325,중앙선,상반기,3,부산,강원,0.6,37.383 ,홍천,2019,,
345,127.973 ,345~350,중앙선,상반기,3,부산,강원,0.6,37.573 ,홍천,2019,,
360,127.874 ,360~365,중앙선,상반기,6,부산,강원,1.2,37.670 ,홍천,2019,,
370,127.797 ,370~375,중앙선,중복,9,부산,강원,0.9,37.725 ,홍천,2019,,
375,127.791 ,375~380,중앙선,상반기,3,부산,강원,0.6,37.766 ,홍천,2019,,
315,127.913 ,315~320,중앙선,중복,8,춘천,강원,0.8,37.341 ,홍천,2019,,
320,127.894 ,320~325,중앙선,상반기,3,춘천,강원,0.6,37.383 ,홍천,2019,,
335,127.959 ,335~340,중앙선,상반기,5,춘천,강원,1,37.497 ,홍천,2019,,
340,127.979 ,340~345,중앙선,상반기,4,춘천,강원,0.8,37.530 ,홍천,2019,,
5,127.479 ,5~10,청주상주선,상반기,3,상주,충북,0.6,36.546 ,보은,2019,,
40,127.836 ,40~45,청주상주선,상반기,4,상주,충북,0.8,36.456 ,보은,2019,,
45,127.888 ,45~50,청주상주선,상반기,4,상주,충북,0.8,36.447 ,보은,2019,,
70,128.132 ,70~75,청주상주선,중복,7,상주,충북,0.7,36.370 ,보은,2019,,
70,128.132 ,70~75,청주상주선,하반기,3,청주,충북,0.6,36.370 ,보은,2019,,
55,127.443 ,55~60,평택제천선,상반기,3,제천,충북,0.6,36.947 ,엄정,2019,,
275,128.170 ,275~280,중앙선,하반기,3,부산,충북,0.6,37.084 ,제천,2019,,
280,128.150 ,280~285,중앙선,상반기,3,부산,충북,0.6,37.121 ,제천,2019,,
290,128.118 ,290~295,중앙선,상반기,5,부산,충북,1,37.202 ,제천,2019,,
295,128.081 ,295~300,중앙선,중복,9,부산,충북,0.9,37.233 ,제천,2019,,
260,128.294 ,260~265,중앙선,중복,6,춘천,충북,0.6,37.005 ,제천,2019,,
275,128.170 ,275~280,중앙선,상반기,5,춘천,충북,1,37.084 ,제천,2019,,
280,128.150 ,280~285,중앙선,상반기,4,춘천,충북,0.8,37.121 ,제천,2019,,
290,128.118 ,290~295,중앙선,상반기,4,춘천,충북,0.8,37.202 ,제천,2019,,
295,128.081 ,295~300,중앙선,중복,9,춘천,충북,0.9,37.233 ,제천,2019,,
310,127.955 ,310~315,중앙선,하반기,3,춘천,충북,0.6,37.313 ,제천,2019,,
260,127.438 ,260~265,중부선,상반기,3,통영,충북,0.6,36.709 ,진천,2019,,
280,127.481 ,280~285,중부선,하반기,3,통영,충북,0.6,36.859 ,진천,2019,,
305,127.463 ,305~310,중부선,하반기,3,통영,충북,0.6,37.077 ,진천,2019,,
245,127.428 ,245~250,중부선,하반기,3,하남,충북,0.6,36.579 ,진천,2019,,
295,127.475 ,295~300,중부선,상반기,3,하남,충북,0.6,36.991 ,진천,2019,,
260,127.613 ,260~265,중부내륙선,하반기,3,양평,충북,0.6,37.188 ,충주,2019,,
235,127.784 ,235~240,중부내륙선,상반기,3,창원,충북,0.6,37.038 ,충주,2019,,
20,126.759 ,20~25,당진대전선,상반기,3,당진,대전충남,0.6,36.714 ,공주,2019,,
40,126.901 ,40~45,당진대전선,상반기,3,당진,대전충남,0.6,36.590 ,공주,2019,,
45,126.951 ,45~50,당진대전선,상반기,5,당진,대전충남,1,36.574 ,공주,2019,,
65,127.114 ,65~70,당진대전선,중복,7,당진,대전충남,0.7,36.487 ,공주,2019,,
70,127.165 ,70~75,당진대전선,하반기,4,당진,대전충남,0.8,36.498 ,공주,2019,,
75,127.216 ,75~80,당진대전선,하반기,4,당진,대전충남,0.8,36.488 ,공주,2019,,
80,127.250 ,80~85,당진대전선,상반기,10,당진,대전충남,2,36.459 ,공주,2019,,
85,127.288 ,85~90,당진대전선,상반기,4,당진,대전충남,0.8,36.428 ,공주,2019,,
30,126.825 ,30~35,당진대전선,상반기,4,대전,대전충남,0.8,36.647 ,공주,2019,,
35,126.855 ,35~40,당진대전선,하반기,3,대전,대전충남,0.6,36.609 ,공주,2019,,
45,126.951 ,45~50,당진대전선,상반기,5,대전,대전충남,1,36.574 ,공주,2019,,
50,126.990 ,50~55,당진대전선,상반기,5,대전,대전충남,1,36.545 ,공주,2019,,
55,127.012 ,55~60,당진대전선,상반기,5,대전,대전충남,1,36.505 ,공주,2019,,
65,127.114 ,65~70,당진대전선,중복,14,대전,대전충남,1.4,36.487 ,공주,2019,,
70,127.165 ,70~75,당진대전선,중복,14,대전,대전충남,1.4,36.498 ,공주,2019,,
80,127.250 ,80~85,당진대전선,상반기,3,대전,대전충남,0.6,36.459 ,공주,2019,,
85,127.288 ,85~90,당진대전선,중복,9,대전,대전충남,0.9,36.428 ,공주,2019,,
255,126.619 ,255~260,서해안선,상반기,3,서울,대전충남,0.6,36.851 ,당진,2019,,
270,126.759 ,270~275,서해안선,중복,8,서울,대전충남,0.8,36.919 ,당진,2019,,
285,127.418 ,285~290,경부선,상반기,3,부산,대전충남,0.6,36.466 ,대전,2019,,
290,127.429 ,290~295,경부선,상반기,3,부산,대전충남,0.6,36.507 ,대전,2019,,
300,127.423 ,300~305,경부선,상반기,5,부산,대전충남,1,36.595 ,대전,2019,,
265,127.518 ,265~270,경부선,하반기,3,서울,대전충남,0.6,36.348 ,대전,2019,,
40,127.081 ,40~45,호남지선,상반기,3,논산,대전충남,0.6,36.426 ,대전,2019,,
50,127.109 ,50~55,호남지선,상반기,5,회덕,대전충남,1,36.508 ,대전,2019,,
20,126.777 ,20~25,서천공주선,상반기,3,공주,대전충남,0.6,36.217 ,부여,2019,,
10,126.766 ,10~15,서천공주선,상반기,3,서천,대전충남,0.6,36.128 ,부여,2019,,
20,126.777 ,20~25,서천공주선,상반기,3,서천,대전충남,0.6,36.217 ,부여,2019,,
25,126.798 ,25~30,서천공주선,상반기,5,서천,대전충남,1,36.258 ,부여,2019,,
30,126.838 ,30~35,서천공주선,상반기,3,서천,대전충남,0.6,36.287 ,부여,2019,,
35,126.876 ,35~40,서천공주선,상반기,3,서천,대전충남,0.6,36.320 ,부여,2019,,
40,126.913 ,40~45,서천공주선,상반기,4,서천,대전충남,0.8,36.353 ,부여,2019,,
260,127.556 ,260~265,경부선,상반기,3,부산,대전충남,0.6,36.318 ,영동,2019,,
220,127.932 ,220~225,경부선,상반기,4,서울,대전충남,0.8,36.216 ,영동,2019,,
255,127.603 ,255~260,경부선,중복,8,서울,대전충남,0.8,36.295 ,영동,2019,,
10,127.422 ,10~15,대전남부순환선,상반기,3,서대전,대전충남,0.6,36.278 ,영동,2019,,
305,127.384 ,305~310,경부선,상반기,4,부산,대전충남,0.8,36.625 ,천안,2019,,
310,127.373 ,310~315,경부선,상반기,4,부산,대전충남,0.8,36.668 ,천안,2019,,
320,127.309 ,320~325,경부선,상반기,4,부산,대전충남,0.8,36.726 ,천안,2019,,
330,127.217 ,330~335,경부선,하반기,3,부산,대전충남,0.6,36.760 ,천안,2019,,
340,127.168 ,340~345,경부선,상반기,4,부산,대전충남,0.8,36.825 ,천안,2019,,
305,127.384 ,305~310,경부선,하반기,3,서울,대전충남,0.6,36.625 ,천안,2019,,
325,127.256 ,325~330,경부선,상반기,3,서울,대전충남,0.6,36.735 ,천안,2019,,
330,127.217 ,330~335,경부선,상반기,4,서울,대전충남,0.8,36.760 ,천안,2019,,
10,127.054 ,10~15,호남지선,상반기,3,논산,전북,0.6,36.161 ,논산,2019,,
15,127.051 ,15~20,호남지선,하반기,3,논산,전북,0.6,36.206 ,논산,2019,,
185,127.518 ,185~190,중부선,하반기,3,통영,전북,0.6,36.105 ,무주,2019,,
135,127.609 ,135~140,중부선,상반기,4,하남,전북,0.8,35.730 ,무주,2019,,
185,126.569 ,185~190,서해안선,상반기,4,목포,전북,0.8,36.267 ,보령,2019,,
195,126.564 ,195~200,서해안선,상반기,5,목포,전북,1,36.343 ,보령,2019,,
200,126.555 ,200~205,서해안선,상반기,3,목포,전북,0.6,36.387 ,보령,2019,,
165,126.647 ,165~170,서해안선,상반기,3,서울,전북,0.6,36.109 ,보령,2019,,
65,126.583 ,65~70,서해안선,상반기,3,목포,전북,0.6,35.357 ,부안,2019,,
160,127.024 ,160~165,호남선,하반기,3,순천,전북,0.6,35.798 ,전주,2019,,
50,127.351 ,50~55,순천완주선,상반기,4,순천,광주전남,0.8,35.341 ,구례,2019,,
35,127.190 ,35~40,광주대구선,상반기,3,광주,광주전남,0.6,35.366 ,남원,2019,,
45,127.187 ,45~50,호남선,상반기,3,천안,광주전남,0.6,35.242 ,담양,2019,,
15,127.323 ,15~20,호남선,하반기,3,천안,광주전남,0.6,35.029 ,순천,2019,,
220,128.571 ,220~225,중앙선,상반기,3,부산,대구경북,0.6,36.771 ,영주,2019,,
40,129.034 ,40~45,대구포항선,상반기,3,대구,대구경북,0.6,36.054 ,영천,2019,,
95,128.398 ,95~100,당진영덕선,하반기,3,영덕,대구경북,0.6,36.399 ,청송,2019,,
165,129.130 ,165~170,당진영덕선,하반기,3,영덕,대구경북,0.6,36.494 ,청송,2019,,
45,128.128 ,45~50,중부선,상반기,3,통영,부산경남,0.6,35.129 ,고성,2019,,
,,,,,,,,,,,2019,,
,,,,,,,,,,,2019,,
,,,,,,,,,,,2019,,
,,,,,,,,,,,2019,,
,,,,,,,,,,,2019,,
,,,,,,,,,,,2019,,
,,,,,,,,,,,2019,,
,,,,,,,,,,,2019,,
,,,,,,,,,,,2019,,
,,,,,,,,,,,2019,,
,,,,,,,,,,,2019,,
,,,,,,,,,,,2019,,
,,,,,,,,,,,2019,,
,,,,,,,,,,,2019,,
,,,,,,,,,,,2019,,
,,,,,,,,,,,2019,,
,,,,,,,,,,,2019,,
,,,,,,,,,,,2019,,
,,,,,,,,,,,2019,,
,,,,,,,,,,,2019,,
,,,,,,,,,,,2019,,
,,,,,,,,,,,2019,,
,,,,,,,,,,,2019,,
,,,,,,,,,,,2019,,
,,,,,,,,,,,2019,,
,,,,,,,,,,,2019,,
,,,,,,,,,,,2019,,
,,,,,,,,,,,2019,,
,,,,,,,,,,,2019,,
,,,,,,,,,,,2019,,
,,,,,,,,,,,2019,,
,,,,,,,,,,,2019,,
,,,,,,,,,,,2019,,
,,,,,,,,,,,2019,,
,,,,,,,,,,,2019,,
,,,,,,,,,,,2019,,
,,,,,,,,,,,2019,,
,,,,,,,,,,,2019,,
,,,,,,,,,,,2019,,
,,,,,,,,,,,2019,,
,,,,,,,,,,,2019,,
,,,,,,,,,,,2019,,
,,,,,,,,,,,2019,,
,,,,,,,,,,,2019,,
,,,,,,,,,,,2019,,
,,,,,,,,,,,2019,,
,,,,,,,,,,,2019,,
,,,,,,,,,,,2019,,
,,,,,,,,,,,2019,,
,,,,,,,,,,,2019,,
,,,,,,,,,,,2019,,
,,,,,,,,,,,2019,,
,,,,,,,,,,,2019,,
,,,,,,,,,,,2019,,
,,,,,,,,,,,2019,,
,,,,,,,,,,,2019,,
,,,,,,,,,,,2019,,
,,,,,,,,,,,2019,,
,,,,,,,,,,,2019,,
,,,,,,,,,,,2019,,
,,,,,,,,,,,2019,,
,,,,,,,,,,,2019,,
,,,,,,,,,,,2019,,
,,,,,,,,,,,2019,,
,,,,,,,,,,,2019,,
,,,,,,,,,,,2019,,
,,,,,,,,,,,2019,,
,,,,,,,,,,,2019,,
,,,,,,,,,,,2019,,
55,127.2353995,55~60,영동선,중복,5,서창,강원,0.5,37.24775218,이천,2020,500.0,
60,127.2891418,60~65,영동선,중복,14,강릉,강원,1.4,37.23903239,이천,2020,500.0,
60,127.2891418,60~65,영동선,중복,7,서창,강원,0.7,37.23903239,이천,2020,500.0,
65,127.3417510,65~70,영동선,중복,6,강릉,강원,0.6,37.25188916,이천,2020,500.0,
70,127.3924944,70~75,영동선,상반기,3,서창,강원,0.6,37.23998333,이천,2020,500.0,
265,127.5919990,265~270,중부내륙선,상반기,3,양평,강원,0.6,37.22667332,이천,2020,450.0,
270,127.5819200,270~275,중부내륙선,상반기,5,양평,강원,1.0,37.27041539,이천,2020,450.0,
270,127.5819200,270~275,중부내륙선,상반기,4,창원,강원,0.8,37.27041539,이천,2020,450.0,
210,128.6767718,210~215,영동선,상반기,4,인천,강원,0.8,37.68172555,대관령,2020,500.0,
185,128.4296797,185~190,영동선,상반기,3,인천,강원,0.6,37.60719163,대관령,2020,500.0,
100,127.7146223,100~105,영동선,상반기,3,강릉,강원,0.6,37.24914842,원주,2020,500.0,
95,127.6594950,95~100,영동선,하반기,3,인천,강원,0.6,37.25375187,원주,2020,500.0,
280,127.5419668,280~285,중부내륙선,하반기,4,창원,강원,0.8,37.34736707,이천,2020,450.0,
315,127.9125914,315~320,중앙선,중복,12,부산,강원,1.2,37.34098708,홍천,2020,550.0,
315,127.9125914,315~320,중앙선,중복,9,춘천,강원,0.9,37.34098708,홍천,2020,550.0,
320,127.8938802,320~325,중앙선,상반기,4,부산,강원,0.8,37.38295623,홍천,2020,550.0,
325,127.9169690,325~330,중앙선,상반기,4,부산,강원,0.8,37.41832587,홍천,2020,550.0,
330,127.9365380,330~335,중앙선,상반기,5,부산,강원,1.0,37.45675982,홍천,2020,550.0,
345,127.9732079,345~350,중앙선,상반기,3,부산,강원,0.6,37.57288407,홍천,2020,550.0,
360,127.8743817,360~365,중앙선,중복,9,부산,강원,0.9,37.67018364,홍천,2020,550.0,
360,127.8743817,360~365,중앙선,중복,6,춘천,강원,0.6,37.67018364,홍천,2020,550.0,
370,127.7967581,370~375,중앙선,상반기,4,부산,강원,0.8,37.72454322,홍천,2020,550.0,
370,127.7967581,370~375,중앙선,하반기,3,춘천,강원,0.6,37.72454322,홍천,2020,550.0,
50,128.8971321,50~55,동해선,중복,5,속초,강원,0.5,37.69083783,강릉,2020,650.0,
50,127.3509745,50~55,순천완주선,상반기,5,순천,광주전남,1.0,35.34066554,구례,2020,270.0,
55,127.3237419,55~60,순천완주선,상반기,5,완주,광주전남,1.0,35.37965981,구례,2020,270.0,
75,127.3149054,75~80,순천완주선,상반기,4,순천,광주전남,0.8,35.54735210,구례,2020,270.0,
25,128.8826171,25~30,대구포항선,상반기,4,대구,대구경북,0.8,36.01521806,영천,2020,207.0,
20,128.8477373,20~25,대구포항선,상반기,3,대구,대구경북,0.6,35.98051263,영천,2020,207.0,
135,128.8219773,135~140,당진영덕선,상반기,4,영덕,대구경북,0.8,36.42194292,청송,2020,303.0,
215,128.5755127,215~220,중앙선,중복,4,춘천,대구경북,0.4,36.72708471,영주,2020,550.0,
180,128.6178161,180~185,중앙선,상반기,3,부산,대구경북,0.6,36.47868350,영주,2020,550.0,
10,126.7663718,10~15,서천공주선,상반기,5,서천,대전충남,1.0,36.12754749,대전,2020,1510.0,
225,127.8809713,225~230,경부선,상반기,3,부산,대전충남,0.6,36.21975958,영동,2020,10.0,
310,127.3727573,310~315,경부선,상반기,4,서울,대전충남,0.8,36.66848896,천안,2020,10.0,
310,127.3727573,310~315,경부선,상반기,3,부산,대전충남,0.6,36.66848896,천안,2020,10.0,
20,126.7772633,20~25,서천공주선,상반기,3,서천,대전충남,0.6,36.21674456,대전,2020,1510.0,
230,127.8531751,230~235,경부선,상반기,3,부산,대전충남,0.6,36.25403093,영동,2020,10.0,
255,127.6029307,255~260,경부선,중복,5,부산,대전충남,0.5,36.29484840,영동,2020,10.0,
320,127.3085103,320~325,경부선,상반기,5,부산,대전충남,1.0,36.72644825,천안,2020,10.0,
330,127.2172880,330~335,경부선,중복,5,부산,대전충남,0.5,36.76028949,천안,2020,10.0,
25,126.7980863,25~30,서천공주선,상반기,3,서천,대전충남,0.6,36.25785170,대전,2020,1510.0,
255,127.6029307,255~260,경부선,중복,4,서울,대전충남,0.4,36.29484840,영동,2020,10.0,
260,127.5564176,260~265,경부선,하반기,4,서울,대전충남,0.8,36.31774985,영동,2020,10.0,
340,127.1681066,340~345,경부선,중복,4,부산,대전충남,0.4,36.82543110,천안,2020,10.0,
340,127.1681066,340~345,경부선,상반기,3,서울,대전충남,0.6,36.82543110,천안,2020,10.0,
0,126.6184162,0~5,당진대전선,상반기,3,당진,대전충남,0.6,36.85091501,당진,2020,305.0,
10,126.6897475,10~15,당진대전선,중복,5,당진,대전충남,0.5,36.78257846,공주,2020,305.0,
10,126.6897475,10~15,당진대전선,상반기,3,대전,대전충남,0.6,36.78257846,공주,2020,305.0,
20,126.7590962,20~25,당진대전선,중복,5,당진,대전충남,0.5,36.71401940,공주,2020,305.0,
30,126.8253850,30~35,당진대전선,상반기,3,당진,대전충남,0.6,36.64697595,공주,2020,305.0,
40,126.9009977,40~45,당진대전선,중복,4,당진,대전충남,0.4,36.59005306,공주,2020,305.0,
45,126.9511900,45~50,당진대전선,상반기,3,당진,대전충남,0.6,36.57359905,공주,2020,305.0,
55,127.0121259,55~60,당진대전선,상반기,3,대전,대전충남,0.6,36.50495053,공주,2020,305.0,
60,127.0585342,60~65,당진대전선,상반기,6,대전,대전충남,1.2,36.48478628,공주,2020,305.0,
60,127.0585342,60~65,당진대전선,상반기,5,당진,대전충남,1.0,36.48478628,공주,2020,305.0,
65,127.1135605,65~70,당진대전선,중복,8,당진,대전충남,0.8,36.48682968,공주,2020,305.0,
65,127.1135605,65~70,당진대전선,상반기,3,대전,대전충남,0.6,36.48682968,공주,2020,305.0,
70,127.1654894,70~75,당진대전선,상반기,11,대전,대전충남,2.2,36.49757058,공주,2020,305.0,
230,126.5561056,230~235,서해안선,상반기,4,서울,대전충남,0.8,36.64432477,당진,2020,305.0,
240,126.5639501,240~245,서해안선,상반기,3,목포,대전충남,0.6,36.73237025,당진,2020,150.0,
245,126.5663638,245~250,서해안선,상반기,4,서울,대전충남,0.8,36.77628719,당진,2020,305.0,
70,127.1654894,70~75,당진대전선,상반기,6,당진,대전충남,1.2,36.49757058,공주,2020,305.0,
75,127.2162696,75~80,당진대전선,상반기,9,당진,대전충남,1.8,36.48780468,공주,2020,305.0,
80,127.2501974,80~85,당진대전선,상반기,10,당진,대전충남,2.0,36.45888886,공주,2020,305.0,
80,127.2501974,80~85,당진대전선,상반기,3,대전,대전충남,0.6,36.45888886,공주,2020,305.0,
85,127.2883162,85~90,당진대전선,상반기,5,당진,대전충남,1.0,36.42787177,공주,2020,305.0,
85,127.2883162,85~90,당진대전선,상반기,5,대전,대전충남,1.0,36.42787177,공주,2020,305.0,
250,126.7592698,250~255,서해안선,중복,4,서울,대전충남,0.4,36.91897632,당진,2020,305.0,
265,126.7118658,265~270,서해안선,상반기,3,목포,대전충남,0.6,36.89619104,당진,2020,305.0,
30,126.8384186,30~35,서천공주선,상반기,3,서천,대전충남,0.6,36.28728694,대전,2020,1510.0,
40,126.9134826,40~45,서천공주선,상반기,3,서천,대전충남,0.6,36.35325241,대전,2020,1510.0,
25,126.7980863,25~30,서천공주선,상반기,3,공주,대전충남,0.6,36.25785170,부여,2020,1510.0,
60,127.0650887,60~65,서천공주선,중복,8,서천,대전충남,0.8,36.47368018,대전,2020,1510.0,
275,127.4275565,275~280,경부선,상반기,3,서울,대전충남,0.6,36.37954895,대전,2020,10.0,
280,127.4182949,280~285,경부선,중복,6,부산,대전충남,0.6,36.42173577,대전,2020,10.0,
290,127.4288910,290~295,경부선,상반기,4,서울,대전충남,0.8,36.50678565,대전,2020,10.0,
5,129.1011208,5~10,경부선,하반기,3,서울,부산경남,0.6,35.28664685,서울산,2020,10.0,
65,128.0823501,65~70,남해선,상반기,3,부산,부산경남,0.6,35.11224440,진주,2020,102.0,
0,128.4744032,0~5,남해제1지선,상반기,3,산인,부산경남,0.6,35.27140042,창원,2020,1020.0,
325,127.4213701,325~330,중부선,상반기,7,통영,수도권,1.4,37.24895728,경기광주,2020,350.0,
325,127.3854826,325~330,제2중부선,하반기,4,통영,수도권,0.8,37.28299638,경기광주,2020,370.0,
330,127.3849200,330~335,중부선,중복,12,통영,수도권,1.2,37.28319266,경기광주,2020,350.0,
330,127.3855901,330~335,제2중부선,중복,5,통영,수도권,0.5,37.28305944,경기광주,2020,370.0,
335,127.3472040,335~340,중부선,중복,15,통영,수도권,1.5,37.31495746,경기광주,2020,350.0,
325,127.4213701,325~330,중부선,중복,6,하남,수도권,0.6,37.24895728,경기광주,2020,350.0,
330,127.3849200,330~335,중부선,중복,6,하남,수도권,0.6,37.28319266,경기광주,2020,350.0,
335,127.3472754,335~340,제2중부선,상반기,4,통영,수도권,0.8,37.31532541,경기광주,2020,370.0,
335,127.3472040,335~340,중부선,상반기,3,하남,수도권,0.6,37.31495746,경기광주,2020,350.0,
355,127.2495110,355~360,중부선,상반기,3,하남,수도권,0.6,37.46676470,경기광주,2020,350.0,
340,127.3205395,340~345,중부선,중복,9,통영,수도권,0.9,37.35364250,경기광주,2020,350.0,
350,127.2891253,350~355,중부선,하반기,4,통영,수도권,0.8,37.43892702,경기광주,2020,350.0,
360,127.2272490,360~365,중부선,중복,6,통영,수도권,0.6,37.50779378,경기광주,2020,350.0,
345,127.3109912,345~350,제2중부선,상반기,3,하남,수도권,0.6,37.39826163,경기광주,2020,370.0,
115,126.9574134,115~120,서울외곽순환선,상반기,3,판교,수도권,0.6,37.37918532,동서울,2020,1000.0,
155,126.7431944,155~160,서해안선,하반기,3,목포,전북,0.6,36.07055256,보령,2020,150.0,
200,126.5552914,200~205,서해안선,중복,5,목포,전북,0.5,36.38716078,보령,2020,150.0,
205,126.5767558,205~210,서해안선,하반기,3,목포,전북,0.6,36.42683592,보령,2020,150.0,
220,126.5794765,220~225,서해안선,하반기,3,서울,전북,0.6,36.55869543,보령,2020,150.0,
165,127.0427432,165~170,호남선,상반기,3,순천,전북,0.6,35.84029013,전주,2020,250.0,
135,126.8805539,135~140,호남선,상반기,3,천안,전북,0.6,35.61883789,전주,2020,250.0,
170,127.6043356,170~175,중부선,하반기,3,하남,전북,0.6,35.99423628,무주,2020,350.0,
170,127.6043356,170~175,중부선,하반기,3,통영,전북,0.6,35.99423628,무주,2020,350.0,
185,127.5178612,185~190,중부선,중복,8,통영,전북,0.8,36.10547829,무주,2020,350.0,
190,127.5073687,190~195,중부선,상반기,3,하남,전북,0.6,36.14637535,무주,2020,350.0,
205,127.4694190,205~210,중부선,하반기,3,통영,전북,0.6,36.26860087,무주,2020,350.0,
5,127.1295409,5~10,호남지선,중복,5,대전,전북,0.5,36.11999838,논산,2020,2510.0,
20,127.2525843,20~25,호남지선,상반기,4,논산,전북,0.8,36.18836587,논산,2020,2510.0,
5,127.4793220,5~10,청주상주선,상반기,3,상주,충북,0.6,36.54586033,보은,2020,303.0,
15,127.5774168,15~20,청주상주선,상반기,3,청주,충북,0.6,36.50889424,보은,2020,303.0,
35,127.7801827,35~40,청주상주선,상반기,5,상주,충북,1.0,36.45529825,보은,2020,303.0,
40,127.8359285,40~45,청주상주선,중복,7,상주,충북,0.7,36.45562475,보은,2020,303.0,
40,127.8359285,40~45,청주상주선,중복,5,상주,충북,0.5,36.45562475,보은,2020,303.0,
45,127.8883615,45~50,청주상주선,중복,7,상주,충북,0.7,36.44741086,보은,2020,303.0,
70,128.1320701,70~75,청주상주선,중복,10,상주,충북,1.0,36.36991838,보은,2020,303.0,
70,128.1320701,70~75,청주상주선,중복,5,청주,충북,0.5,36.36991838,보은,2020,303.0,
250,127.4202485,250~255,중부선,하반기,3,통영,충북,0.6,36.62226641,진천,2020,350.0,
265,127.4691291,265~270,중부선,하반기,3,하남,충북,0.6,36.74561900,진천,2020,350.0,
285,127.4761971,285~290,중부선,중복,4,통영,충북,0.4,36.90295427,진천,2020,350.0,
295,127.4747350,295~300,중부선,상반기,5,통영,충북,1.0,36.99133408,진천,2020,350.0,
295,127.4747350,295~300,중부선,상반기,4,하남,충북,0.8,36.99133408,진천,2020,350.0,
310,127.4448231,310~315,중부선,상반기,4,통영,충북,0.8,37.11851464,진천,2020,350.0,
315,127.4400351,315~320,중부선,중복,4,하남,충북,0.4,37.16308808,진천,2020,350.0,
320,127.4422137,320~325,중부선,상반기,3,하남,충북,0.6,37.20776473,진천,2020,350.0,
270,128.2059482,270~275,중앙선,상반기,4,부산,충북,0.8,37.05124758,제천,2020,550.0,
270,128.2059482,270~275,중앙선,중복,4,춘천,충북,0.4,37.05124758,제천,2020,550.0,
275,128.1698621,275~280,중앙선,중복,11,부산,충북,1.1,37.08378056,제천,2020,550.0,
275,128.1698621,275~280,중앙선,상반기,3,춘천,충북,0.6,37.08378056,제천,2020,550.0,
280,128.1495986,280~285,중앙선,중복,8,부산,충북,0.8,37.12122317,제천,2020,550.0,
285,128.1273510,285~290,중앙선,상반기,4,부산,충북,0.8,37.16116765,제천,2020,550.0,
285,128.1273510,285~290,중앙선,하반기,3,춘천,충북,0.6,37.16116765,제천,2020,550.0,
290,128.1182106,290~295,중앙선,중복,5,부산,충북,0.5,37.20204558,제천,2020,550.0,
290,128.1182106,290~295,중앙선,상반기,4,춘천,충북,0.8,37.20204558,제천,2020,550.0,
295,128.0807089,295~300,중앙선,중복,5,춘천,충북,0.5,37.23250758,제천,2020,550.0,
310,127.9552371,310~315,중앙선,중복,6,춘천,충북,0.6,37.31322277,제천,2020,550.0,
330.0,127.3855901,330~335,제2중부선,,5.0,,수도권,,37.2830594,경기광주,2021,,통영
335.0,127.3472754,335~340,제2중부선,,3.0,,수도권,,37.3153254,경기광주,2021,,하남
330.0,127.3849201,330~335,중부선,,3.0,,수도권,,37.2831926,경기광주,2021,,통영
340.0,127.3205395,340~345,중부선,,3.0,,수도권,,37.3536425,경기광주,2021,,통영
325.0,127.4213702,325~330,중부선,,3.0,,수도권,,37.2489572,경기광주,2021,,하남
330.0,127.3849201,330~335,중부선,,3.0,,수도권,,37.2831926,경기광주,2021,,하남
350.0,127.2891253,350~355,중부선,,5.0,,수도권,,37.4389270,경기광주,2021,,하남
120.0,127.0096347,120~125,수도권제1순환선,,4.0,,수도권,,37.3903004,동서울,2021,,일산
30.0,127.1420652,30~35,수도권제1순환선,,3.0,,수도권,,37.6138233,동서울,2021,,판교
115.0,126.9574134,115~120,수도권제1순환선,,3.0,,수도권,,37.3791853,동서울,2021,,판교
20.0,126.8492325,20~25,제2경인선,,3.0,,수도권,,37.4398798,시흥,2021,,안양
15.0,129.0907032,15~20,동해선,,3.0,,강원,,37.4862924,강릉,2021,,속초
50.0,128.8971321,50~55,동해선,,3.0,,강원,,37.6908378,강릉,2021,,속초
95.0,128.1371004,95~100,서울양양선,,3.0,,강원,,37.7885332,양양,2021,,양양
55.0,127.2353300,55~60,영동선,,3.0,,강원,,37.2477833,이천,2021,,인천
280.0,127.5412771,280~285,중부내륙선,,3.0,,강원,,37.3480828,이천,2021,,양평
315.0,127.9125914,315~320,중앙선,,8.0,,강원,,37.3409870,홍천,2021,,부산
345.0,127.9732079,345~350,중앙선,,4.0,,강원,,37.5728840,홍천,2021,,부산
350.0,127.9563302,350~355,중앙선,,3.0,,강원,,37.6134811,홍천,2021,,부산
355.0,127.9193938,355~360,중앙선,,3.0,,강원,,37.6467580,홍천,2021,,부산
360.0,127.8743817,360~365,중앙선,,3.0,,강원,,37.6701836,홍천,2021,,부산
375.0,127.7909967,375~380,중앙선,,3.0,,강원,,37.7664292,홍천,2021,,부산
385.0,127.7779955,385~390,중앙선,,3.0,,강원,,37.8387689,홍천,2021,,부산
315.0,127.9125914,315~320,중앙선,,6.0,,강원,,37.3409870,홍천,2021,,춘천
325.0,127.9169690,325~330,중앙선,,6.0,,강원,,37.4183258,홍천,2021,,춘천
345.0,127.9732079,345~350,중앙선,,3.0,,강원,,37.5728840,홍천,2021,,춘천
375.0,127.7909967,375~380,중앙선,,4.0,,강원,,37.7664292,홍천,2021,,춘천
380.0,127.7716686,380~385,중앙선,,3.0,,강원,,37.8022068,홍천,2021,,춘천
385.0,127.7779955,385~390,중앙선,,4.0,,강원,,37.8387689,홍천,2021,,춘천
0.0,127.4306527,0~5,청주상주선,,3.0,,충북,,36.5647448,보은,2021,,상주
5.0,127.4793220,5~10,청주상주선,,3.0,,충북,,36.5458603,보은,2021,,상주
45.0,127.8883615,45~50,청주상주선,,3.0,,충북,,36.4474108,보은,2021,,상주
90.0,127.7918926,90~95,평택제천선,,3.0,,충북,,37.0363053,엄정,2021,,제천
35.0,127.2375483,35~40,평택제천선,,6.0,,충북,,36.9817443,엄정,2021,,평택
270.0,128.2059482,270~275,중앙선,,4.0,,충북,,37.0512475,제천,2021,,부산
260.0,128.2941624,260~265,중앙선,,3.0,,충북,,37.0048542,제천,2021,,춘천
255.0,127.4240858,255~260,중부선,,4.0,,충북,,36.6665470,진천,2021,,통영
290.0,127.4714058,290~295,중부선,,5.0,,충북,,36.9476101,진천,2021,,통영
300.0,127.4801145,300~305,중부선,,3.0,,충북,,37.0354010,진천,2021,,통영
320.0,127.4422137,320~325,중부선,,5.0,,충북,,37.2077647,진천,2021,,통영
250.0,127.4202485,250~255,중부선,,4.0,,충북,,36.6222664,진천,2021,,하남
260.0,127.4375391,260~265,중부선,,5.0,,충북,,36.7088023,진천,2021,,하남
270.0,127.5066813,270~275,중부선,,3.0,,충북,,36.7782731,진천,2021,,하남
300.0,127.4801145,300~305,중부선,,6.0,,충북,,37.0354010,진천,2021,,하남
305.0,127.4625306,305~310,중부선,,4.0,,충북,,37.0774519,진천,2021,,하남
50.0,126.9895716,50~55,당진대전선,,3.0,,대전충남,,36.5450241,공주,2021,,당진
60.0,127.0585342,60~65,당진대전선,,3.0,,대전충남,,36.4847862,공주,2021,,당진
85.0,127.2883162,85~90,당진대전선,,3.0,,대전충남,,36.4278717,공주,2021,,당진
70.0,127.1654894,70~75,당진대전선,,3.0,,대전충남,,36.4975705,공주,2021,,대전
75.0,127.2162697,75~80,당진대전선,,4.0,,대전충남,,36.4878046,공주,2021,,대전
90.0,127.3203725,90~95,당진대전선,,4.0,,대전충남,,36.3935980,공주,2021,,대전
10.0,126.6897475,10~15,당진대전선,,5.0,,대전충남,,36.7825784,당진,2021,,대전
240.0,126.5639501,240~245,서해안선,,3.0,,대전충남,,36.7323702,당진,2021,,목포
245.0,126.5662366,245~250,서해안선,,3.0,,대전충남,,36.7762619,당진,2021,,목포
270.0,126.7591522,270~275,서해안선,,6.0,,대전충남,,36.9190730,당진,2021,,목포
235.0,126.5547572,235~240,서해안선,,6.0,,대전충남,,36.6883810,당진,2021,,서울
245.0,126.5662366,245~250,서해안선,,6.0,,대전충남,,36.7762619,당진,2021,,서울
275.0,127.4275565,275~280,경부선,,3.0,,대전충남,,36.3795490,대전,2021,,부산
285.0,127.4183421,285~290,경부선,,5.0,,대전충남,,36.4657563,대전,2021,,부산
270.0,127.4663024,270~275,경부선,,3.0,,대전충남,,36.3496295,대전,2021,,서울
35.0,127.3139200,35~40,호남지선,,3.0,,대전충남,,36.2991000,대전,2021,,회덕
255.0,127.6029307,255~260,경부선,,3.0,,대전충남,,36.2948484,영동,2021,,부산
260.0,127.5564176,260~265,경부선,,3.0,,대전충남,,36.3177499,영동,2021,,부산
225.0,127.8809713,225~230,경부선,,4.0,,대전충남,,36.2197596,영동,2021,,서울
0.0,127.3160565,0~5,대전남부순환선,,3.0,,대전충남,,36.2940785,영동,2021,,산내
5.0,127.3700006,5~10,대전남부순환선,,4.0,,대전충남,,36.2856573,영동,2021,,서대전
305.0,127.3836864,305~310,경부선,,6.0,,대전충남,,36.6253599,천안,2021,,부산
310.0,127.3727573,310~315,경부선,,4.0,,대전충남,,36.6684890,천안,2021,,부산
315.0,127.3472224,315~320,경부선,,3.0,,대전충남,,36.7044544,천안,2021,,부산
320.0,127.3085103,320~325,경부선,,4.0,,대전충남,,36.7264483,천안,2021,,부산
325.0,127.2563955,325~330,경부선,,5.0,,대전충남,,36.7345899,천안,2021,,부산
335.0,127.1747598,335~340,경부선,,3.0,,대전충남,,36.7820643,천안,2021,,부산
340.0,127.1681066,340~345,경부선,,5.0,,대전충남,,36.8254311,천안,2021,,부산
325.0,127.2563955,325~330,경부선,,3.0,,대전충남,,36.7345899,천안,2021,,서울
25.0,127.2749890,25~30,호남지선,,4.0,,전북,,36.2269574,논산,2021,,논산
145.0,127.6379344,145~150,중부선,,3.0,,전북,,35.8031469,무주,2021,,통영
155.0,126.7431945,155~160,서해안선,,4.0,,전북,,36.0705525,보령,2021,,목포
170.0,126.6208259,170~175,서해안선,,4.0,,전북,,36.1478478,보령,2021,,목포
180.0,126.5699130,180~185,서해안선,,4.0,,전북,,36.2267079,보령,2021,,목포
200.0,126.5552914,200~205,서해안선,,4.0,,전북,,36.3871607,보령,2021,,목포
205.0,126.5767559,205~210,서해안선,,3.0,,전북,,36.4268359,보령,2021,,목포
220.0,126.5794765,220~225,서해안선,,3.0,,전북,,36.5586954,보령,2021,,목포
220.0,126.5794765,220~225,서해안선,,3.0,,전북,,36.5586954,보령,2021,,서울
20.0,126.7772633,20~25,서천공주선,,5.0,,전북,,36.2167446,부여,2021,,공주
25.0,126.7980863,25~30,서천공주선,,3.0,,전북,,36.2578517,부여,2021,,공주
40.0,126.9134826,40~45,서천공주선,,3.0,,전북,,36.3532524,부여,2021,,공주
30.0,127.1369875,30~35,광주대구선,,3.0,,광주전남,,35.3629986,남원,2021,,광주
45.0,127.2893840,45~50,광주대구선,,3.0,,광주전남,,35.3936382,남원,2021,,광주
90.0,127.6965106,90~95,광주대구선,,3.0,,광주전남,,35.5433140,남원,2021,,대구
5.0,127.5283704,5~10,남해선,,3.0,,광주전남,,34.9903282,순천,2021,,순천
35.0,127.2445460,35~40,호남선,,3.0,,광주전남,,35.1753033,순천,2021,,순천
5.0,126.4391644,5~10,무안광주선,,4.0,,광주전남,,35.0158235,함평,2021,,광주
10.0,126.4896234,10~15,무안광주선,,4.0,,광주전남,,35.0303250,함평,2021,,광주
30.0,126.6874541,30~35,무안광주선,,4.0,,광주전남,,35.0984857,함평,2021,,광주
30.0,126.6874541,30~35,무안광주선,,7.0,,광주전남,,35.0984857,함평,2021,,무안
35.0,126.7343378,35~40,무안광주선,,3.0,,광주전남,,35.1199527,함평,2021,,무안
5.0,126.4719396,5~10,서해안선,,3.0,,광주전남,,34.8496291,함평,2021,,목포
30.0,126.4796394,30~35,서해안선,,4.0,,광주전남,,35.0649544,함평,2021,,목포
35.0,126.4812870,35~40,서해안선,,3.0,,광주전남,,35.1099659,함평,2021,,목포
20.0,126.4957519,20~25,서해안선,,4.0,,광주전남,,34.9761177,함평,2021,,서울
25.0,126.4892992,25~30,서해안선,,4.0,,광주전남,,35.0207604,함평,2021,,서울
35.0,126.4812870,35~40,서해안선,,5.0,,광주전남,,35.1099659,함평,2021,,서울
55.0,126.5436837,55~60,서해안선,,3.0,,광주전남,,35.2732961,함평,2021,,서울
180.0,128.6178162,180~185,중앙선,,5.0,,대구경북,,36.4786835,영주,2021,,부산
225.0,128.5437800,225~230,중앙선,,3.0,,대구경북,,36.8098916,영주,2021,,춘천
115.0,128.6084357,115~120,당진영덕선,,3.0,,대구경북,,36.4335624,청송,2021,,영덕
15.0,128.3813689,15~20,중부선,,3.0,,부산경남,,34.9752193,고성,2021,,통영
15.0,128.6091613,15~20,남해제1지선,,4.0,,부산경남,,35.2610778,창원,2021,,산인
,,,,,,,,,,,2021,,
,,,,,,,,,,,2021,,
,,,,,,,,,,,2021,,
,,,,,,,,,,,2021,,
,,,,,,,,,,,2021,,
,,,,,,,,,,,2021,,
,,,,,,,,,,,2021,,
,,,,,,,,,,,2021,,
,,,,,,,,,,,2021,,
,,,,,,,,,,,2021,,
,,,,,,,,,,,2021,,
,,,,,,,,,,,2021,,
,,,,,,,,,,,2021,,
,,,,,,,,,,,2021,,
,,,,,,,,,,,2021,,
,,,,,,,,,,,2021,,
,,,,,,,,,,,2021,,
,,,,,,,,,,,2021,,
,,,,,,,,,,,2021,,
,,,,,,,,,,,2021,,
,,,,,,,,,,,2021,,
,,,,,,,,,,,2021,,
,,,,,,,,,,,2021,,
315,127.9125914,315~320,중앙선,,13,부산,강원,,37.34098704,홍천,2022,,
315,127.9125914,315~320,중앙선,,7,춘천,강원,,37.34098704,홍천,2022,,
385,127.7779955,385~390,중앙선,,6,춘천,강원,,37.83876894,홍천,2022,,
65,128.8238867,65~70,동해선,,4,속초,강원,,37.80291629,강릉,2022,,
230,128.7965065,230~235,영동선,,4,인천,강원,,37.75493092,대관령,2022,,
120,127.8714305,120~125,영동선,,4,강릉,강원,,37.34612710,원주,2022,,
345,127.9732079,345~350,중앙선,,4,부산,강원,,37.57288403,홍천,2022,,
380,127.7716686,380~385,중앙선,,4,부산,강원,,37.80220681,홍천,2022,,
360,127.8743817,360~365,중앙선,,4,부산,강원,,37.67018360,홍천,2022,,
20,129.0955466,20~25,동해선,,3,근덕,강원,,37.53076573,강릉,2022,,
50,128.8971321,50~55,동해선,,3,속초,강원,,37.69083783,강릉,2022,,
160,128.2052831,160~165,영동선,,3,강릉,강원,,37.49256431,대관령,2022,,
165,128.2503370,165~170,영동선,,3,인천,강원,,37.51607231,대관령,2022,,
140,128.0360124,140~145,영동선,,3,강릉,강원,,37.44539209,원주,2022,,
155,128.1557560,155~160,영동선,,3,인천,강원,,37.47547139,원주,2022,,
130,127.9481384,130~135,영동선,,3,인천,강원,,37.40120957,원주,2022,,
100,127.7146223,100~105,영동선,,3,인천,강원,,37.24914838,원주,2022,,
370,127.7967582,370~375,중앙선,,3,부산,강원,,37.72454318,홍천,2022,,
340,127.9787662,340~345,중앙선,,3,부산,강원,,37.52998812,홍천,2022,,
370,127.7967582,370~375,중앙선,,3,춘천,강원,,37.72454318,홍천,2022,,
30,126.6874541,30~35,무안광주선,,5,무안,광주전남,,35.09848570,함평,2022,,
15,127.3225054,15~20,호남선,,4,천안,광주전남,,35.02851072,순천,2022,,
35,126.7343378,35~40,무안광주선,,4,무안,광주전남,,35.11995266,함평,2022,,
10,126.4896234,10~15,무안광주선,,4,무안,광주전남,,35.03032502,함평,2022,,
20,126.5877008,20~25,무안광주선,,4,무안,광주전남,,35.06678093,함평,2022,,
40,126.4829252,40~45,서해안선,,4,서울,광주전남,,35.15494396,함평,2022,,
60,127.4358331,60~65,광주대구선,,3,광주,광주전남,,35.44407521,남원,2022,,
35,127.1897231,35~40,광주대구선,,3,광주,광주전남,,35.36635794,남원,2022,,
90,127.6965106,90~95,광주대구선,,3,대구,광주전남,,35.54331396,남원,2022,,
50,127.3358398,50~55,광주대구선,,3,대구,광주전남,,35.41479370,남원,2022,,
50,127.1393044,50~55,호남선,,3,순천,광주전남,,35.26162353,담양,2022,,
20,127.6690088,20~25,남해선,,3,부산,광주전남,,34.97673035,순천,2022,,
20,127.2799286,20~25,호남선,,3,순천,광주전남,,35.05398465,순천,2022,,
15,126.5399563,15~20,무안광주선,,3,무안,광주전남,,35.04682455,함평,2022,,
30,126.4796394,30~35,서해안선,,3,목포,광주전남,,35.06495443,함평,2022,,
200,128.5714513,200~205,중앙선,,3,부산,대구경북,,36.60963803,영주,2022,,
240,128.4387041,240~245,중앙선,,3,춘천,대구경북,,36.90126846,영주,2022,,
85,127.2883162,85~90,당진대전선,,7,대전,대전충남,,36.42787173,공주,2022,,
70,127.1654894,70~75,당진대전선,,6,당진,대전충남,,36.49757054,공주,2022,,
80,127.2501974,80~85,당진대전선,,5,당진,대전충남,,36.45888882,공주,2022,,
85,127.2883162,85~90,당진대전선,,5,당진,대전충남,,36.42787173,공주,2022,,
30,126.8253850,30~35,당진대전선,,5,대전,대전충남,,36.64697591,공주,2022,,
290,127.4288910,290~295,경부선,,5,부산,대전충남,,36.50678565,대전,2022,,
280,126.8551808,280~285,서해안선,,4,목포,대전충남,,36.95813112,당진,2022,,
275,127.4275565,275~280,경부선,,4,부산,대전충남,,36.37954895,대전,2022,,
300,127.4231656,300~305,경부선,,4,서울,대전충남,,36.59470447,대전,2022,,
50,127.0013392,50~55,서천공주선,,4,서천,대전충남,,36.40765114,부여,2022,,
55,127.0306515,55~60,서천공주선,,4,서천,대전충남,,36.44453615,부여,2022,,
5,127.3700006,5~10,대전남부순환선,,4,서대전,대전충남,,36.28565727,영동,2022,,
305,127.3836864,305~310,경부선,,4,부산,대전충남,,36.62535986,천안,2022,,
330,127.2172880,330~335,경부선,,4,부산,대전충남,,36.76028950,천안,2022,,
80,127.2501974,80~85,당진대전선,,3,대전,대전충남,,36.45888882,공주,2022,,
5,126.6534305,5~10,당진대전선,,3,대전,대전충남,,36.81626191,당진,2022,,
270,126.7591522,270~275,서해안선,,3,서울,대전충남,,36.91907304,당진,2022,,
235,126.5547572,235~240,서해안선,,3,서울,대전충남,,36.68838100,당진,2022,,
285,127.4183421,285~290,경부선,,3,부산,대전충남,,36.46575630,대전,2022,,
270,127.4663024,270~275,경부선,,3,서울,대전충남,,36.34962947,대전,2022,,
35,127.3139200,35~40,호남지선,,3,논산,대전충남,,36.29909996,대전,2022,,
40,127.3188678,40~45,호남지선,,3,논산,대전충남,,36.34065836,대전,2022,,
35,127.3139200,35~40,호남지선,,3,회덕,대전충남,,36.29909996,대전,2022,,
260,127.5564176,260~265,경부선,,3,부산,대전충남,,36.31774985,영동,2022,,
220,127.9317160,220~225,경부선,,3,서울,대전충남,,36.21621999,영동,2022,,
0,127.3160565,0~5,대전남부순환선,,3,산내,대전충남,,36.29407848,영동,2022,,
340,127.1681066,340~345,경부선,,3,부산,대전충남,,36.82543110,천안,2022,,
345,127.1866601,345~350,경부선,,3,부산,대전충남,,36.86733004,천안,2022,,
25,129.0736310,25~30,경부선,,3,서울,부산경남,,35.43939439,서울산,2022,,
60,128.0420868,60~65,남해선,,3,부산,부산경남,,35.08554152,진주,2022,,
115,128.4996875,115~120,남해선,,3,순천,부산경남,,35.28170874,창원,2022,,
335,127.3472041,335~340,중부선,,4,통영,수도권,,37.31495742,경기광주,2022,,
350,127.2891253,350~355,중부선,,4,하남,수도권,,37.43892698,경기광주,2022,,
115,126.9574134,115~120,수도권제1순환선,,4,판교,수도권,,37.37918528,동서울,2022,,
95,126.7974413,95~100,수도권제1순환선,,4,판교,수도권,,37.45570348,시흥,2022,,
330,127.3849201,330~335,중부선,,3,하남,수도권,,37.28319262,경기광주,2022,,
405,127.1032033,405~410,경부선,,3,부산,수도권,,37.38131932,수원,2022,,
105,126.8558042,105~110,수도권제1순환선,,3,일산,수도권,,37.38097843,시흥,2022,,
100,126.8289630,100~105,수도권제1순환선,,3,판교,수도권,,37.41908589,시흥,2022,,
15,126.7966235,15~20,제2경인선,,3,안양,수도권,,37.42861052,시흥,2022,,
10,127.1644793,10~15,호남지선,,5,논산,전북,,36.15337118,논산,2022,,
30,127.2921401,30~35,호남지선,,5,논산,전북,,36.26698730,논산,2022,,
15,127.2148303,15~20,호남지선,,3,논산,전북,,36.15881820,논산,2022,,
30,127.2921401,30~35,호남지선,,3,대전,전북,,36.26698730,논산,2022,,
165,127.6498785,165~170,중부선,,3,통영,전북,,35.97307729,무주,2022,,
170,126.6208259,170~175,서해안선,,3,서울,전북,,36.14784775,보령,2022,,
165,126.6466710,165~170,서해안선,,3,서울,전북,,36.10898749,보령,2022,,
80,126.6736746,80~85,서해안선,,3,목포,전북,,35.46608388,부안,2022,,
75,126.6566442,75~80,서해안선,,3,서울,전북,,35.42328638,부안,2022,,
160,127.0236690,160~165,호남선,,3,천안,전북,,35.79845501,전주,2022,,
115,127.1867518,115~120,순천완주선,,3,순천,전북,,35.86167680,진안,2022,,
15,127.2197934,15~20,익산장수선,,3,장수,전북,,35.86611375,진안,2022,,
250,127.4202485,250~255,중부선,,9,통영,충북,,36.62226637,진천,2022,,
290,127.4714058,290~295,중부선,,7,통영,충북,,36.94761010,진천,2022,,
275,127.4910263,275~280,중부선,,6,하남,충북,,36.81738099,진천,2022,,
275,128.1698621,275~280,중앙선,,5,춘천,충북,,37.08378052,제천,2022,,
245,127.4275038,245~250,중부선,,5,통영,충북,,36.57914957,진천,2022,,
260,127.4375391,260~265,중부선,,5,통영,충북,,36.70880232,진천,2022,,
280,127.4811700,280~285,중부선,,5,하남,충북,,36.85931070,진천,2022,,
0,127.4306527,0~5,청주상주선,,4,청주,충북,,36.56474484,보은,2022,,
110,127.9932382,110~115,평택제천선,,4,평택,충북,,37.07592453,엄정,2022,,
295,128.0807089,295~300,중앙선,,4,부산,충북,,37.23250754,제천,2022,,
295,128.0807089,295~300,중앙선,,4,춘천,충북,,37.23250754,제천,2022,,
265,128.2583280,265~270,중앙선,,4,춘천,충북,,37.03734287,제천,2022,,
305,127.4625306,305~310,중부선,,4,통영,충북,,37.07745194,진천,2022,,
270,127.5066813,270~275,중부선,,4,통영,충북,,36.77827315,진천,2022,,
320,127.4422137,320~325,중부선,,4,하남,충북,,37.20776468,진천,2022,,
295,127.4747350,295~300,중부선,,4,하남,충북,,36.99133404,진천,2022,,
250,127.4202485,250~255,중부선,,4,하남,충북,,36.62226637,진천,2022,,
15,127.5774168,15~20,청주상주선,,3,청주,충북,,36.50889420,보은,2022,,
40,127.2882850,40~45,평택제천선,,3,제천,충북,,36.97198525,엄정,2022,,
55,127.4426183,55~60,평택제천선,,3,제천,충북,,36.94732560,엄정,2022,,
65,127.5506555,65~70,평택제천선,,3,제천,충북,,36.95473654,엄정,2022,,
50,127.3946104,50~55,평택제천선,,3,제천,충북,,36.96917182,엄정,2022,,
55,127.4426183,55~60,평택제천선,,3,평택,충북,,36.94732560,엄정,2022,,
280,128.1495986,280~285,중앙선,,3,춘천,충북,,37.12122313,제천,2022,,
250,128.3338959,250~255,중앙선,,3,춘천,충북,,36.92775430,제천,2022,,
315,127.4400352,315~320,중부선,,3,통영,충북,,37.16308804,진천,2022,,
320,127.4422137,320~325,중부선,,3,통영,충북,,37.20776468,진천,2022,,
255,127.4240858,255~260,중부선,,3,통영,충북,,36.66654700,진천,2022,,
265,127.4691292,265~270,중부선,,3,통영,충북,,36.74561896,진천,2022,,
270,127.5066813,270~275,중부선,,3,하남,충북,,36.77827315,진천,2022,,
310,126.8719943,310~315,서해안선,,3,,서울경기,,37.21747062,화성,2023,,목포
310,126.8719943,310~315,서해안선,,3,,서울경기,,37.21747062,화성,2023,,서울
100,126.8289630,100~105,수도권제1순환선,,4,,서울경기,,37.41908589,시흥,2023,,판교
325,127.4213702,325~330,중부선,,6,,서울경기,,37.24895724,경기광주,2023,,통영
325,127.4213702,325~330,중부선,,3,,서울경기,,37.24895724,경기광주,2023,,하남
345,127.3107927,345~350,중부선,,3,,서울경기,,37.39776704,경기광주,2023,,통영
320,127.4422137,320~325,중부선,,3,,서울경기,,37.20776468,경기광주,2023,,통영
15,129.0907032,15~20,동해선,,3,,강원,,37.48629241,강릉,2023,,속초
25,129.0959340,25~30,동해선,,3,,강원,,37.57440212,강릉,2023,,근덕
90,127.6082536,90~95,영동선,,3,,강원,,37.23675150,원주,2023,,인천
120,127.8714305,120~125,영동선,,3,,강원,,37.34612710,원주,2023,,강릉
125,127.9176649,125~130,영동선,,3,,강원,,37.36874775,원주,2023,,인천
155,128.1557560,155~160,영동선,,4,,강원,,37.47547139,원주,2023,,인천
315,127.4400352,315~320,중부선,,9,,강원,,37.16308804,홍천,2023,,춘천
325,127.4213702,325~330,중부선,,5,,강원,,37.24895724,홍천,2023,,춘천
360,127.2272491,360~365,중부선,,4,,강원,,37.50779374,홍천,2023,,부산
370,127.1953621,370~375,중부선,,3,,강원,,37.53205567,홍천,2023,,부산
380,127.1953621,380~385,중부선,,4,,강원,,37.53205567,홍천,2023,,춘천
180,128.1116517,180~185,중부내륙선,,4,,충북,,36.69384504,상주,2023,,양평
245,127.4275038,245~250,중부선,,3,,충북,,36.57914957,진천,2023,,하남
250,127.4202485,250~255,중부선,,4,,충북,,36.62226637,진천,2023,,통영
255,127.4240858,255~260,중부선,,3,,충북,,36.66654700,진천,2023,,하남
255,127.4240858,255~260,중부선,,3,,충북,,36.66654700,진천,2023,,통영
260,127.4375391,260~265,중부선,,4,,충북,,36.70880232,진천,2023,,하남
265,127.4691292,265~270,중부선,,6,,충북,,36.74561896,진천,2023,,통영
265,127.4691292,265~270,중부선,,3,,충북,,36.74561896,진천,2023,,하남
275,127.4910263,275~280,중부선,,5,,충북,,36.81738099,진천,2023,,하남
295,127.4747350,295~300,중부선,,3,,충북,,36.99133404,진천,2023,,하남
295,127.4747350,295~300,중부선,,4,,충북,,36.99133404,진천,2023,,통영
305,127.4625306,305~310,중부선,,3,,충북,,37.07745194,진천,2023,,하남
305,127.4625306,305~310,중부선,,4,,충북,,37.07745194,진천,2023,,통영
265,127.4691292,265~270,중앙선,,3,,충북,,36.74561896,제천,2023,,부산
270,127.5066813,270~275,중앙선,,3,,충북,,36.77827315,제천,2023,,부산
295,127.4747350,295~300,중부선,,3,,충북,,36.99133404,제천,2023,,춘천
305,127.4625306,305~310,중부선,,3,,충북,,37.07745194,제천,2023,,춘천
310,127.4448232,310~315,중앙선,,4,,충북,,37.11851460,제천,2023,,춘천
5,126.6534305,5~10,청주영덕선,,3,,충북,,36.81626191,보은,2023,,영덕
40,126.9009977,40~45,청주영덕선,,4,,충북,,36.59005302,보은,2023,,청주
70,127.1654894,70~75,청주영덕선,,3,,충북,,36.49757054,보은,2023,,영덕
55,127.4426183,55~60,평택제천선,,4,,충북,,36.94732560,엄정,2023,,제천
295,127.4318744,295~300,경부선,,3,,대전충남,,36.55093021,대전,2023,,서울
310,127.3727573,310~315,경부선,,4,,대전충남,,36.66848896,천안,2023,,서울
325,127.2563955,325~330,경부선,,3,,대전충남,,36.73458990,천안,2023,,서울
0,126.6184162,0~5,당진대전선,,3,,대전충남,,36.85091497,당진,2023,,당진
5,126.6534305,5~10,당진대전선,,6,,대전충남,,36.81626191,당진,2023,,대전
10,126.6897475,10~15,당진대전선,,4,,대전충남,,36.78257842,당진,2023,,대전
15,126.7199593,15~20,당진대전선,,3,,대전충남,,36.74494991,공주,2023,,대전
55,127.0121259,55~60,당진대전선,,3,,대전충남,,36.50495049,공주,2023,,당진
70,127.1654894,70~75,당진대전선,,3,,대전충남,,36.49757054,공주,2023,,대전
75,127.2162697,75~80,당진대전선,,4,,대전충남,,36.48780464,공주,2023,,대전
15,126.7750172,15~20,서천공주선,,3,,대전충남,,36.17181279,부여,2023,,공주
20,126.7772633,20~25,서천공주선,,3,,대전충남,,36.21674456,부여,2023,,공주
25,126.7980863,25~30,서천공주선,,5,,대전충남,,36.25785170,부여,2023,,서천
30,126.8384186,30~35,서천공주선,,3,,대전충남,,36.28728694,부여,2023,,서천
55,127.0306515,55~60,서천공주선,,3,,대전충남,,36.44453615,부여,2023,,공주
55,127.0306515,55~60,서천공주선,,4,,대전충남,,36.44453615,부여,2023,,서천
40,127.3188678,40~45,호남지선,,3,,대전충남,,36.34065836,대전,2023,,회덕
45,127.3364895,45~50,호남지선,,3,,대전충남,,36.38288104,대전,2023,,회덕
45,127.3364895,45~50,호남지선,,3,,대전충남,,36.38288104,대전,2023,,논산
5,128.6978116,5~10,새만금포항선,,3,,전북,,35.94308961,논산,2023,,익산
15,128.8037879,15~20,새만금포항선,,3,,전북,,35.95428288,진안,2023,,장수
15,128.8037879,15~20,새만금포항선,,3,,전북,,35.95428288,진안,2023,,익산
60,126.5660341,60~65,서해안선,,3,,전북,,35.31438261,부안,2023,,서울
60,126.5660341,60~65,서해안선,,3,,전북,,35.31438261,부안,2023,,목포
65,126.5834406,65~70,서해안선,,3,,전북,,35.35714229,부안,2023,,목포
70,126.6203820,70~75,서해안선,,5,,전북,,35.38985361,부안,2023,,서울
75,126.6566442,75~80,서해안선,,4,,전북,,35.42328638,부안,2023,,서울
90,126.6921333,90~95,서해안선,,4,,전북,,35.55462877,부안,2023,,목포
95,126.6963034,95~100,서해안선,,4,,전북,,35.59921788,부안,2023,,서울
100,126.7108434,100~105,서해안선,,4,,전북,,35.64084470,부안,2023,,서울
140,126.8361901,140~145,서해안선,,4,,전북,,35.96858774,부안,2023,,목포
160,127.0236690,160~165,호남선,,3,,전북,,35.79845501,전주,2023,,순천
5,127.1295410,5~10,호남지선,,3,,전북,,36.11999833,논산,2023,,회덕
50,127.3358398,50~55,광주대구선,,6,,광주전남,,35.41479370,남원,2023,,광주
10,127.5821045,10~15,남해선,,3,,광주전남,,34.98692979,순천,2023,,부산
20,127.6690088,20~25,남해선,,4,,광주전남,,34.97673035,순천,2023,,순천
0,126.3937385,0~5,무안광주선,,3,,광주전남,,35.00325992,함평,2023,,광주
15,126.5399563,15~20,무안광주선,,4,,광주전남,,35.04682455,함평,2023,,무안
10,126.4977922,10~15,서해안선,,3,,광주전남,,34.88803795,함평,2023,,서울
15,126.4998621,15~20,서해안선,,3,,광주전남,,34.93274329,함평,2023,,서울
30,126.4796394,30~35,서해안선,,3,,광주전남,,35.06495443,함평,2023,,서울
30,126.4796394,30~35,서해안선,,3,,광주전남,,35.06495443,함평,2023,,목포
35,126.4812870,35~40,서해안선,,3,,광주전남,,35.10996590,함평,2023,,서울
55,126.5436837,55~60,서해안선,,3,,광주전남,,35.27329611,함평,2023,,서울
165,128.3595821,165~170,광주대구선,,5,,대구경북,,35.75369753,고령,2023,,광주
0,128.4744032,0~5,남해1지선,,3,,부산경남,,35.27140039,창원,2023,,함안
130,128.6581966,130~135,남해선,,4,,부산경남,,35.27176564,창원,2023,,부산
